{"flutter":{"platforms":{"android":{"default":{"projectId":"verde-ensina","appId":"1:435119148789:android:74691578a4ef1c6f7e7fbc","fileOutput":"android/app/google-services.json"}},"dart":{"lib/firebase_options.dart":{"projectId":"verde-ensina","configurations":{"android":"1:435119148789:android:74691578a4ef1c6f7e7fbc","ios":"1:435119148789:ios:f57f1b001a3a8e0c7e7fbc","macos":"1:435119148789:ios:f57f1b001a3a8e0c7e7fbc","web":"1:435119148789:web:d261a82d182379077e7fbc","windows":"1:435119148789:web:1cbf4a553c80cd7e7e7fbc"}}}}}}